full	char_2d_10801.unity3d	IR	170f63e13418174cd8222002e8ea8a73	c7c97debbf5244c6075019bce20dc32f	char_2d_10801.unity3d
full	char_2d_11101.unity3d	IR	04528b45070e744b0c61d7b855069721	8bff32224ebb33ade27470249173c458	char_2d_11101.unity3d
full	char_2d_11201.unity3d	IR	aff438c9319ce197969d469b0ed8a11e	dd2eb69823057aa2d5e7100c3a0f33af	char_2d_11201.unity3d
full	char_2d_11301.unity3d	IR	0dfa7a6c58322622b869050bde0528f4	ee004a8905a9f39e64e7d9064bf144c7	char_2d_11301.unity3d
full	char_2d_11801.unity3d	IR	fd2a36b06d7342da14417528311c2b4f	d2f8e2c072062ddf26bc2b417c50f844	char_2d_11801.unity3d
full	char_2d_11802.unity3d	IR	8148353201a9efb016d809371ac2895d	3657283ad8537598f4792caafb94e453	char_2d_11802.unity3d
full	char_2d_12001.unity3d	IR	93c2edbe8136eab57838944a3175ec0a	3ecc77dff987b83c52444f4a7c9a89b9	char_2d_12001.unity3d
full	char_2d_12002.unity3d	IR	5352a2cc9c78c1cf848d167b93e79843	6f09b2fc3f85bfa3dd41881ebb443879	char_2d_12002.unity3d
full	char_2d_12602.unity3d	IR	e4e88577fb7815e7050540c3e155ca0e	9a060b0ca039846738cfa32e6cc97df3	char_2d_12602.unity3d
full	char_2d_13401.unity3d	IR	76787ce8475148489bf4f286dbfa0821	62a512a5f5ae0142ae3c4e8f3f8bbd90	char_2d_13401.unity3d
full	char_2d_13901.unity3d	PS	02511e26c5fbadb411f6038ef46beb55	d0a5d43a3a5bee855734437edf197c99	char_2d_13901.unity3d
full	char_2d_13902.unity3d	PS	400a0920ef3437b919ae4b6e1257c851	ed147d8c071d6c2e753808f69096ad1c	char_2d_13902.unity3d
full	char_2d_14102.unity3d	IR	89b74c86ca4960f6d8408b23dedf5314	8b07ef1a47d21968f76fa646e3b5cf28	char_2d_14102.unity3d
full	char_2d_14201.unity3d	IR	40e6d21d66aa6926023e55120b222d30	9c9b2e0197f74546d803ccbabc6ffa9b	char_2d_14201.unity3d
full	char_2d_14202.unity3d	IR	92c9d86445e4bb20a666946c613575cd	8858e0eefd6701e3a0229d75f1964619	char_2d_14202.unity3d
full	char_2d_14401.unity3d	IR	b42f3df8f391f1a44c4098793c6c423e	10575973311a1a051badc170ce990026	char_2d_14401.unity3d
full	char_2d_14701.unity3d	IR	a4d78d80eeee8b9bd9861eb455587cea	f36605b1c4c59df4424e5c244245d2a8	char_2d_14701.unity3d
full	char_2d_14901.unity3d	IR	9ac80bba6e163831aadbe091d61b43d8	eac07d18e3f8722377ca8a573453a3c9	char_2d_14901.unity3d
full	char_2d_14902.unity3d	IR	2e298230f6ba334757decb9992c8edd9	2ba51e03ea4e7d0544fcba0cf00a2a74	char_2d_14902.unity3d
full	char_2d_15001.unity3d	IR	3c3dd15d2889bb7b9feb58a990963374	d6691593242f44a1079a5e5ab920a7cc	char_2d_15001.unity3d
full	char_2d_15002.unity3d	IR	669d455476cf36deb68e3b7a8cb95478	5c38614046b5511bc6f658dd88ed5f5c	char_2d_15002.unity3d
full	char_2d_15501.unity3d	IR	ab42e554498091d2b1af8f3a19277446	c94327476bb7f836a80bb4856ffda697	char_2d_15501.unity3d
full	char_2d_15502.unity3d	IR	ff0980cf17dcbbfd4f34f76833cc89ea	b33ed04d6cc67250bafc36ccb009ca19	char_2d_15502.unity3d
full	char_avg_2d_avg1_106.unity3d	IR	85ced68f3f65979014b3fbd06de49abd	c374e2af8567f21c173b96b42b86490d	char_avg_2d_avg1_106.unity3d
full	char_avg_2d_avg1_108.unity3d	PS	250e617616dba091369ac67c1bccbb49	f75dc78eac4b8b47836c989353724d35	char_avg_2d_avg1_108.unity3d
full	char_avg_2d_avg1_111.unity3d	PS	3075d34927b2fc2b06fc29cfa6e8c467	c417a8081ce275e5fedf429d523c0093	char_avg_2d_avg1_111.unity3d
full	char_avg_2d_avg1_112.unity3d	PS	f75231073ece197c1c7ff7cb8c47e205	2e017ec272fde083a206358cb9f02e38	char_avg_2d_avg1_112.unity3d
full	char_avg_2d_avg1_113.unity3d	IR	d902eaa75b0f0a118c72a95e9fff821e	8d16434cd9984e3bbe2cac836529b0b1	char_avg_2d_avg1_113.unity3d
full	char_avg_2d_avg1_118.unity3d	IR	b0bb63ad35366217b0036559bcd514eb	7dfde9a652db7275184e0da98182c02d	char_avg_2d_avg1_118.unity3d
full	char_avg_2d_avg1_120.unity3d	IR	5bc0fc3079d73347c23d4bb55485ecf0	b952e8d2f5e317ffd2c5a7bda8e4dd06	char_avg_2d_avg1_120.unity3d
full	char_avg_2d_avg1_134.unity3d	IR	f33ab297b7b5bf022c85df9647233dfb	0b41c4e9aed77b991d9c8362d33fb7cb	char_avg_2d_avg1_134.unity3d
full	char_avg_2d_avg1_139.unity3d	PS	d8a5282a2ef118ab30ce8269e317c4e2	9b55d18cbf9fddb4280b31ebeb0d1e31	char_avg_2d_avg1_139.unity3d
full	char_avg_2d_avg1_142.unity3d	IR	169516a1e0e56f56f3eb55a9b83bb89c	de70c90ad007cd4f748038b426cf9b21	char_avg_2d_avg1_142.unity3d
full	char_avg_2d_avg1_147.unity3d	IR	dbd12d6d7d6015c69ca06ca7fd7df93a	892719abea004ec4155eea6ea71cc285	char_avg_2d_avg1_147.unity3d
full	char_avg_2d_avg1_149.unity3d	IR	5cefd80613a88744557903b49f15edf9	bdc861cbd5659ef736c5d33bd3bcd7ee	char_avg_2d_avg1_149.unity3d
full	char_avg_2d_avg1_150.unity3d	IR	be9da8924c92e5eb5d89d8800c189bf7	bb2f2db4a51ded2731c674b334c89a32	char_avg_2d_avg1_150.unity3d
full	char_avg_2d_avg2_970.unity3d	IR	5cb847994f8528499abd63854a6d5c27	4fb8c7f2f03d2aac99658a796da0b898	char_avg_2d_avg2_970.unity3d
full	char_avg_2d_avg2_983.unity3d	IR	bc781f040fc5609e2b88484f291a0335	c444f4646c076d1ea2af98e0b7d83f4b	char_avg_2d_avg2_983.unity3d
full	char_avg_2d_avg2_984.unity3d	IR	43c0a0999e9205b997224cd344283bc7	c6abf1ee3361ef2def5b51be6becc03f	char_avg_2d_avg2_984.unity3d
full	char_avg_2d_avg2_985.unity3d	IR	8192d88d4f71a26720b8c4c83cb40861	325b5baefb6549a8c623476c2af5e73d	char_avg_2d_avg2_985.unity3d
full	char_avg_2d_avg2_991.unity3d	IR	5f70b79a857ab5594b410891b3c40f65	959b4aebdedfe8ab57619a81b01032bd	char_avg_2d_avg2_991.unity3d
full	char_avg_2d_avg3_102.unity3d	IR	0be99160ab4c8b4b260ecd0e777336c9	1ec0681eef69171a2ef0b67fc6b7701a	char_avg_2d_avg3_102.unity3d
full	char_avg_2d_avg3_124.unity3d	IR	da1b1fb0349f293995d49583d8ed3afe	3b42d5f53da28aabbc1fdc6fa623a024	char_avg_2d_avg3_124.unity3d
full	char_avg_2d_avg3_128.unity3d	IR	dd4296ab2d1b51caff6e136e92d5a7d6	b03c132afc9431e22c778f0e464a5411	char_avg_2d_avg3_128.unity3d
full	char_avg_2d_avg3_129.unity3d	PS	14303b456eb0b5e2cab26fff11711aac	2344ba8c5cffa7c984327625c736395f	char_avg_2d_avg3_129.unity3d
full	char_avg_2d_avg3_132.unity3d	IR	2acd67ea5b72a5e494393a4a4cefdc2f	15bf9dbb98e7a407514af64839b3dec5	char_avg_2d_avg3_132.unity3d
full	char_avg_2d_avg3_133.unity3d	IR	3d6bab1f97b383bf93e3782f7ea480df	ae1c058755dbdfa38c622fecc21c4c7c	char_avg_2d_avg3_133.unity3d
full	char_avg_2d_avg3_173.unity3d	IR	b4b03123bee0bec883c967bb916897c0	596f6af2084b9d7058ee26f36ede807e	char_avg_2d_avg3_173.unity3d
full	char_avg_2d_avg3_174.unity3d	IR	e110fd17a852a44719668dce4d1c9bf8	5198979e47056d5c22f0949b3947dae2	char_avg_2d_avg3_174.unity3d
full	char_l2d_10801.unity3d	IR	cc678fbd596316808d27dda310e8f099	77e111b53078d2ffb6f5be8cb12de319	char_l2d_10801.unity3d
full	char_l2d_11101.unity3d	IR	1017a74a157490feca89b33a7d45567e	8026f5929caa0afc61b066edfc052241	char_l2d_11101.unity3d
full	char_l2d_11201.unity3d	IR	e579bd2aca80d890814a8f639262cbe4	9f3410d1a5aad4025da264373c38b901	char_l2d_11201.unity3d
full	char_l2d_11301.unity3d	IR	193a1e49d95e4f00ae53cdb44f9c19fc	fe95a26b9925781d2b50982680c6f41b	char_l2d_11301.unity3d
full	char_l2d_11801.unity3d	IR	b4a44cf8659e0ffd535747d23fd44408	421d29a46a7bc4b015e0075f237908a1	char_l2d_11801.unity3d
full	char_l2d_11802.unity3d	IR	3bbd309c6e8fc0724edeb9f5348f5f07	3236ab960d064ec0817382f153f39b21	char_l2d_11802.unity3d
full	char_l2d_12001.unity3d	IR	e232f7833fa8952cf190e22712679944	c6dddbece1250117304535d2e9098512	char_l2d_12001.unity3d
full	char_l2d_12002.unity3d	IR	fe6112c5653f7726a98adafd331285ac	7cd0e3de9055f92306e5aff18ac013d8	char_l2d_12002.unity3d
full	char_l2d_12602.unity3d	IR	c9839053f95eef7186ab9aef9b800aab	2f1e3f0baa9d041685a850051fd69706	char_l2d_12602.unity3d
full	char_l2d_13401.unity3d	IR	a5b5972ec9094fa5d60dbba5c2ecb7e8	24e5a5f19743266dc97d51c82223c5bd	char_l2d_13401.unity3d
full	char_l2d_13901.unity3d	PS	2781351f233380fc7e3c74945865de2b	65bfd1fed4234c9f18c23c93caf4d0f3	char_l2d_13901.unity3d
full	char_l2d_13902.unity3d	PS	58efeaa76e9055aa1d9409b1704a3589	c0f6fe420127ad6b79b9e6615c0ef94f	char_l2d_13902.unity3d
full	char_l2d_14102.unity3d	IR	8f38ee1e5f7b8c3e7e91d63525dfac84	812af0d16730bbf08f00ff9d4095378b	char_l2d_14102.unity3d
full	char_l2d_14201.unity3d	IR	9766104a0bf0ceffea0b8764119ab9cf	26124147a77b1899a64b3fd43a333bca	char_l2d_14201.unity3d
full	char_l2d_14202.unity3d	IR	5ef1ea4372a254405e310a490906f4b4	6e900d0cb7626f6186ac96ec02819fc8	char_l2d_14202.unity3d
full	char_l2d_14701.unity3d	IR	f6ef8cb74bc66b2b90331d7682934145	7b543b050a8a674c31779f6c1f5e7758	char_l2d_14701.unity3d
full	char_l2d_14901.unity3d	IR	c073cd5e5c6e878ce50bbed125dd4abc	9d7e665a119c4c1016eec30b35f74ce0	char_l2d_14901.unity3d
full	char_l2d_14902.unity3d	IR	4f64852edebd45f7348c74d9ab841f7d	0cb04efb17116ce7b3dd9b4a01870ac3	char_l2d_14902.unity3d
full	char_l2d_15001.unity3d	IR	600586f77c953485cf858b278abaff62	ef9d0945cd2a1a2593655b9d1ccbc7a3	char_l2d_15001.unity3d
full	char_l2d_15002.unity3d	IR	a1361c956081e214809f4e67709340e6	4931242c704667e91b0621b86497c83b	char_l2d_15002.unity3d
full	disc_3003.unity3d	IR	b23f1a2125a5dc7f10ebd6e805c7fc39	9a38724be8cfb48c83c5349023fccefe	disc_3003.unity3d
full	disc_3004.unity3d	IR	8c38b8f820aa180b6ef1b45cd861fecc	f66ed6b94849dd6961eca3c241c8ade2	disc_3004.unity3d
full	disc_3007.unity3d	IR	c5bf40975322a1157b6b56a0c6d9edb2	937da0bf2d968be2943eb7b6190994e6	disc_3007.unity3d
full	disc_3009.unity3d	IR	7d1c6c8df909532bd503d5c81707ee37	a156dd3762e4131ae481df1a8565cde9	disc_3009.unity3d
full	disc_3011.unity3d	IR	476c699f75f0ce817bdb974a6c37ff20	afb20855fed258111218caf488db8222	disc_3011.unity3d
full	disc_3016.unity3d	IR	fd3c9ef713a2e5d19a74e96989d47d81	8fa4e62c89470f36e1296135e9be42cc	disc_3016.unity3d
full	disc_3017.unity3d	IR	f9bbf9b251e8bb2c2a90adb5d19285f4	b8fbcdc5e4a8fd004248652c287e9285	disc_3017.unity3d
full	disc_3019.unity3d	IR	f801cba0e4cf080cb404714a26970f9c	a86471ba592bc562042f8774a05c439e	disc_3019.unity3d
full	disc_3022.unity3d	IR	a5cf69cad7677e00aa7ddcfbd3759e82	9bcc9399a895ae61a26ebc46dd33f23a	disc_3022.unity3d
full	disc_3024.unity3d	IR	bbba56b2a97349108e107f43bb6b2368	516bf2347940a7ff95951c6e30f2f732	disc_3024.unity3d
full	disc_3025.unity3d	IR	07165edc64e85e8ea5bea20f13555d05	bd713435d664fe7a7c29a4c021d6cbdf	disc_3025.unity3d
full	disc_3026.unity3d	IR	ce7f8da616e142a7510220873703aa97	3f807e68312532b4366da8823569656a	disc_3026.unity3d
full	disc_4001.unity3d	IR	678b5c0045d7fada4937b4b393d78a78	b8408b5536cb0010ffbade5b29bf2cad	disc_4001.unity3d
full	disc_4008.unity3d	IR	2c0004063c5c636c660ac0825ca2b6f0	ea2341c4ffb5875b58b01e1124c0a7aa	disc_4008.unity3d
full	disc_4009.unity3d	IR	377ca4aad93726a6072c2f2f7aa43c1b	a037980f7a8ae7f90b983f4ebe986d9e	disc_4009.unity3d
full	disc_4011.unity3d	IR	fb2a78421b46a6ac2b10e0187fe44779	fd935793c07ac28191f740e382b126f0	disc_4011.unity3d
full	disc_4013.unity3d	IR	b7e902efb7d6b988bcd0f1b577afe252	8769f249ac45f7813a536bc94c5a2740	disc_4013.unity3d
full	disc_4014.unity3d	PS	461d91f3d90ee13bf4aca337b25d25cc	461d91f3d90ee13bf4aca337b25d25cc	disc_4014.unity3d
full	disc_4015.unity3d	IR	2238fff7deabae5693d0263d362d05e2	cdd185f7d479b1d90459e35a2cf1cbe5	disc_4015.unity3d
full	disc_4030.unity3d	IR	043b1860f65eaa79685276535c847277	51295a17da866b70f38f59a24ad1c393	disc_4030.unity3d
full	disc_4033.unity3d	IR	084e2709a4d087214dc0751fcc722c48	563f545442eb67f5c046ab5399f114ec	disc_4033.unity3d
full	disc_4038.unity3d	IR	6b59c15a6e42f074f75baa7cbb58da23	df405fbb3ccb2147ade5df390f38b669	disc_4038.unity3d
full	disc_4039.unity3d	IR	ad3a8a5d569f91369e1adbda39a0f2bd	505200782f250b1e536c2e142f163b88	disc_4039.unity3d
full	disc_4061.unity3d	PS	3d558c997209f1caabc3897cacf57691	0f650d65aca06c586a77df12188cb80b	disc_4061.unity3d
full	disc_l2d_4008.unity3d	IR	2efcec1b167d6213c637129f20ac438d	0ed21ad9c10b56b65cebd4373eb2c261	disc_l2d_4008.unity3d
full	disc_l2d_4015.unity3d	IR	083a7e9357bf18e75bac4cd26d2efe81	a0ce8b8fbf0ff1df0ac0234d95889107	disc_l2d_4015.unity3d
full	disc_l2d_4038.unity3d	IR	51e293660d7ea075b900dd6363133661	231112582b684867bc08677e2458819e	disc_l2d_4038.unity3d
full	disc_l2d_4061.unity3d	PS	48ba4808964501e12b28640ade485b9b	17c4e98659f8dd9440bc01b12d87cd5f	disc_l2d_4061.unity3d
full	icon-0.unity3d	BOTH	340ee87566a4b1d6507d0ebb8dd1b42e	599beb2e6f25ae2f1f18edb8ebac966d	icon-0.unity3d
full	icon-1.unity3d	BOTH	fad3509556435b9e8bbe2da0ff9d54a9	dad802d2c2833079a1571fc28b8ede65	icon-1.unity3d
full	icon-2.unity3d	BOTH	bd2ed98443a7e0f80a06e47bdc3f999f	91017cdc3093429651b0c94740cca3a8	icon-2.unity3d
full	icon-3.unity3d	BOTH	392a4c7ecf29bc412d323722a2c69058	0b106b4fc8fe3fa713ed2ad3afd702c4	icon-3.unity3d
full	icon-4.unity3d	BOTH	8756d15a41041de17f7439c217e7c3c6	8ef91dbed03b4524b2c35f17f7eb4a3a	icon-4.unity3d
full	icon-5.unity3d	BOTH	22ad408a6f767abf4a7e810240554c23	c788782f00d2404189d2bd8d323c4eec	icon-5.unity3d
full	icon-6.unity3d	BOTH	93215e870f0e17351f8609c1d6011e03	3fa9e6df91e3d086b9b769702b66f772	icon-6.unity3d
full	icon-7.unity3d	BOTH	e8514c6c068b83a806af63fae800f1ff	df1b20d06953505b2aa3fe934be3fbc9	icon-7.unity3d
full	icon-8.unity3d	BOTH	016724736ab375dca66202253b320f5a	2ce30f33e6099252f87c00d0a8cdf093	icon-8.unity3d
full	icon-9.unity3d	BOTH	6ee223f6d328fb7790f32f92d71c39af	e829a39e21c2ebb83ebb86aedf2e0673	icon-9.unity3d
full	icon-a.unity3d	BOTH	ae9cc7611317966aea1e77cbfe8371a3	b6582680a6e018124f708c2cbf1515a7	icon-a.unity3d
full	icon-b.unity3d	BOTH	7f344a9ed4de425a70cd2c944fc02b16	a675b5c5d39c98b6d2adb47a894ae194	icon-b.unity3d
full	icon-c.unity3d	BOTH	13b935d4d877b93eaf9185493afd84b4	913d7cfe29f2eac37602f31c47f2529c	icon-c.unity3d
full	icon-d.unity3d	BOTH	f70d0011c9ece56ee1194db59a7ff496	831385a48dea06ce1d047cdb909201a4	icon-d.unity3d
full	icon-e.unity3d	BOTH	cd17085a7dfa124721c83783dd67b898	ace906288a1fc07dc29bbb21722ab625	icon-e.unity3d
full	icon-f.unity3d	BOTH	755512b701f9ee7e9605414408cfdc92	69e97178541ce6ba74dfe539a5053e05	icon-f.unity3d
full	npc_2d_910201.unity3d	IR	2f49b0f2b3b909e31f5f2f168067b78a	71927ffb6bdc2583e847f833b27458f8	npc_2d_910201.unity3d
full	npc_2d_910202.unity3d	IR	321c3d8dec8621db7e4860bccc1eed1a	1961ef95f01175ed4e7a04ce6752dc03	npc_2d_910202.unity3d
full	npc_2d_913301.unity3d	IR	473d0ce08b3c57107f2dab3daff90e79	13e756efafda803c3ed7affdabe4aaee	npc_2d_913301.unity3d
full	npc_2d_917202.unity3d	IR	3173193e1c55b9e1757ce040eabcb0f3	ed944b48adf314a977b09f15dc0f50c6	npc_2d_917202.unity3d
full	npc_2d_917301.unity3d	IR	b7a09997a976a89ceabbd06600c366ad	9c9d104932341fb4c4f230a245e8a348	npc_2d_917301.unity3d
full	npc_2d_917302.unity3d	IR	3fa1f45c21e95a975b44d547dd92900f	56d52c0ad9502674e41a1ace53b9cc01	npc_2d_917302.unity3d
full	npc_2d_917401.unity3d	IR	3c69f0d578fdf46e7beb3402768c650e	ff05e73944d08a731ec3471b5e57fc17	npc_2d_917401.unity3d
full	npc_2d_917402.unity3d	IR	010e228138807032ed74f5f72c73e7ce	91afd16d7367a0a1f16a0e83c9c35c74	npc_2d_917402.unity3d
full	npc_l2d_910201.unity3d	IR	0b97a18c1a3af6da8441ca491fd76ac0	d9fd50174f72316648124c2994fb6848	npc_l2d_910201.unity3d
full	npc_l2d_910202.unity3d	IR	4033df751c5d7c9eb52b53c7cc4d831b	5b67b011804adce145b38e2f495d16c1	npc_l2d_910202.unity3d
full	npc_l2d_913301.unity3d	IR	e935be0364f17b810faf149e851cfc06	c1a06c2a991219701d50acf3abbbc56a	npc_l2d_913301.unity3d
full	npc_l2d_917202.unity3d	IR	ef48a97ff4926cf6339769d72efefdca	c497a8be2d8119e56523746e75c0297b	npc_l2d_917202.unity3d
full	npc_l2d_917301.unity3d	IR	a643ae64cba6ffd6f70916291d0931de	4f2e2fc7793d6e2c5ee767b483406685	npc_l2d_917301.unity3d
full	npc_l2d_917302.unity3d	IR	3aba9eec63beb9fa0f459e0346c32c73	4cbee7c24cdbf1547f06b79a94c36680	npc_l2d_917302.unity3d
full	npc_l2d_917401.unity3d	IR	a7b7bcfdec4a6f12d4a96a8f231e3c7c	4fab71b2c59b4d26b5dd70d0535a14d9	npc_l2d_917401.unity3d
full	npc_l2d_917402.unity3d	IR	f3d159726e066cbe1f7d39654ed24248	44e50149b677f55781af679ebdb258dd	npc_l2d_917402.unity3d
full	ui_gachacover_cover_10139.unity3d	PS	39b38b12f7d606c3bb51fd45b041f999	62b847a3e07bd6c7f19d07ae91d934eb	ui_gachacover_cover_10139.unity3d
full	ui_gachacover_cover_10160.unity3d	BOTH	32055bf448f155fa6ea6ff46af1bf7d8	c349bf5fb28d95fdd335d66c45c63312	ui_gachacover_cover_10160.unity3d
full	ui_gachacover_cover_11110.unity3d	PS	de542cd37a5a97da4db72bf6c3be073d	49cc3fe43b387a210967dac61cd4b669	ui_gachacover_cover_11110.unity3d
